Fake,True
redstatewatcher.com,cnn.com
madworldnews.com,nytimes.com
yournewswire.com,theguardian.com
angrypatriotmovement.com,washingtonpost.com
yesimright.com,foxnews.com
ilovemyfreedom.org,huffingtonpost.com
clashdaily.com,usatoday.com
conservativedailypost.com,wsj.com
worldnewsdailyreport.com,cnbc.com
usanewsflash.com,reuters.com
disclose.tv,time.com
en-volve.com,nypost.com
celebtricity.com,usnews.com
tmzworldnews.com,cbsnews.com
bb4sp.com,chron.com
freedomsfinalstand.com,thehill.com
beforeitsnews.com,nbcnews.com
huzlers.com,theatlantic.com
tmzhiphop.com,latimes.com
butthatsnoneofmybusiness.com,abcnews.go.com
supremepatriot.com,thedailybeast.com
actualite.co,sfgate.com
consciouslyenlightened.com,newsweek.com
truthkings.com,chicagotribune.com
now8news.com,economist.com
newzmagazine.com,theroot.com
12minutos.com,voanews.com
neonnettle.com,nj.com
everynewshere.com,miamiherald.com
thevalleyreport.com,mercurynews.com
americanjournalreview.com,bostonglobe.com
dailyoccupation.com,seattletimes.com
usherald.com,oregonlive.com
badcriminals.com,washingtontimes.com
react365.com,azcentral.com
consnation.com,ajc.com
greenvillegazette.com,philly.com
redrocktribune.com,sacbee.com
dailynewsposts.info,
burrardstreetjournal.com,
rickwells.us,
ncscooper.com,
donaldtrumpnews.co,
bizstandardnews.com,
smhwtfnews.com,
dailysurge.com,
whatsupic.com,
ipatriot.com,
nymeta.co,
tmzbreaking.com,
empirenews.net,
politicops.com,
patriothangout.com,
spinzon.com,
zootfeed.com,
tmzuncut.com,
theracketreport.com,
abcnews.com.co,
dailynews11.com,
heaviermetal.net,
dailycurrant.com,
notallowedto.com,
friendsofsyria.wordpress.com,
realnewsrightnow.com,
nationalinsiderpolitics.com,
tdnewswire.com,
morningnewsusa.com,
embols.com,
nbc.com.co,
adobochronicles.com,
bignuggetnews.com,
statenation.co,
cooltobeconservative.com,
nationalreport.net,
newslo.com,
conservativearmy88.com,
gummypost.com,
cartelreport.com,
dailyinsidernews.com,
stuppid.com,
choiceandtruth.com,
hotglobalnews.com,
mainerepublicemailalert.com,
kupr7.com,
dailyfinesser.com,
thenewyorkevening.com,
satiratribune.com,
thenewsnerd.com,
readconservatives.news,
christiantimesnewspaper.com,
newsexaminer.net,
politicot.com,
konkonsagh.biz,
intrendtoday.com,
newsdaily27.com,
universepolitics.com,
bigbluevision.org,
uspoln.com,
wmacnews.com,
newsbreakshere.com,
24aktuelles.com,
daily-sun.com,
conservativeinsider.co,
unitedmediapublishing.com,
knp7.com,
straightstoned.com,
dailypresser.com,
channel16news.com,
socialeverythings.com,
libertyalliance.com,
therightists.com,
civictribune.com,
baldwinpost.com,
thebostontribune.com,
baltimoregazette.com,
wleb21.com,
headlinebrief.com,
channel18news.com,
km8news.com,
usadailytime.com,
wcpm3.com,
krbcnews.com,
oreillypost.com,
aldipest.com,
kspm33.com,
guerilla.news,
ky12news.com,
clancyreport.com,
localnews33.com,
dailynews3.com,
news4ktla.com,
americanflare.com,
usa-radio.com,
mckenziepost.com,
mbynews.com,
newpoliticstoday.com,
newsbiscuit.com,
ky6news.com,
usanewshome.com,
christiantoday.info,
tmzurban.com,
alynews.com,
anews24.org,
wm21news.com,
buzzfeedusa.com,
wtoe5news.com,
klponews.com,
conservativestudio.com,
conservativespirit.com,
landrypost.com,
cartelpress.com,
fanzinger.com,
thereporterz.com,
tdtalliance.com,
theinternationalreporter.org,
newsdaily10.com,
usinfonews.com,
thenationalsun.com,
chuckcallesto.blogspot.com,
battypost.com,
floridasunpost.com,
the-insider.co,
healthyworldhouse.com,
isthatlegit.com,
usatodaypolitics.com,
fedsalert.com,
kypo6.com,
damnleaks.com,
alabamaobserver.com,
halturnershow.com,
bostonleader.com,
empiresports.co,
onepoliticalplaza.com,
theinternetpost.net,
vesselnews.io,
prntly.com,
freedomdaily.com,
witscience.org,
worldpoliticus.com,
usapoliticstoday.com,
usapoliticsnow.com,
libertywritersnews.com,
msfanpage.link,
departed.co,
scrapetv.com,
worldnewspolitics.com,
empireherald.com,
nevo.news,
associatedmediacoverage.com,
bients.com,
cnn.com.de,
denverguardian.com,
endingthefed.com,
freddymag.com,
kmt11.com,
lopezreport.com,
mediazone.news,
newsbuzzdaily.com,
newswatch33.com,
thelastlineofdefense.org,
usadailyinfo.com,
washingtonpost.com.co,
